name,node_id_cooc,node_id_core,node_id_chem
abalone,0,0,0
abalone_mushroom,1,1,1
absinthe,2,2,2
acacia,3,3,3
acai,4,4,4
acerola,5,5,5
achiote_paste,6,6,6
acorn,7,7,7
acorn_squash,8,8,8
activated_charcoal_powder,9,9,9
adjika,10,10,10
adobo_sauce,11,11,11
adobo_seasoning,12,12,12
advocaat,13,13,13
agar,14,14,14
agati_flower,15,15,15
agave_syrup,16,16,16
aguardiente,17,17,17
aji_amarillo,18,18,18
aji_panca,19,19,19
ajvar,20,20,20
ajwain,21,21,21
alcaparrado,22,22,22
aleppo_pepper,23,23,23
alfalfa_sprout,24,24,24
alfredo_sauce,25,25,25
alligator,26,26,26
allspice,27,27,27
allulose,28,28,28
almond,29,29,29
almond_butter,30,30,30
almond_milk,31,31,31
almond_paste,32,32,32
almond_tofu,33,33,33
aloe_vera,34,34,34
alum,35,35,35
amaranth,36,36,36
amaretti_cookie,37,37,37
amaretto,38,38,38
amaro,39,39,39
amazake,40,40,40
amberjack,41,41,41
amchur,42,42,42
american_cheese,43,43,43
anaheim_chile,44,44,44
anardana_powder,45,45,45
ancho_chile,46,46,46
anchovy,47,47,47
andouille_sausage,48,48,48
angelica_root,49,49,49
anise,50,50,50
anisette,51,51,51
annatto_seed,52,52,52
aonori,53,53,53
apple,54,54,54
apple_brandy,55,55,55
apple_cider,56,56,56
apple_cider_vinegar,57,57,57
apple_pie_spice,58,58,58
applewood_chip,59,59,59
apricot,60,60,60
apricot_brandy,61,61,61
aquafaba,62,62,62
aquavit,63,63,63
arame,64,64,64
arctic_char,65,65,65
arepa,66,66,66
argan_oil,67,67,67
armagnac,68,68,68
aronia_berry,69,69,69
arrowhead,70,70,70
arrowroot,71,71,71
artichoke,72,72,72
arugula,73,73,73
asafoetida,74,74,74
asam_gelugur,75,75,75
ascorbic_acid,76,76,76
asiago_cheese,77,77,77
asian_pear,78,78,78
asparagus,79,79,79
astragalus_root,80,80,80
avocado,81,81,81
avocado_oil,82,82,82
ayran,83,83,83
bacon,84,84,84
bagel,85,85,85
baharat,86,86,86
bai_ji_mo,87,87,87
baijiu,88,88,88
bak_kut_teh_spice,89,89,89
baked_beans,90,90,90
bakers_ammonia,91,91,91
baking_powder,92,92,92
baking_soda,93,93,93
balado_seasoning,94,94,94
balsamic_vinegar,95,95,95
balut,96,96,96
balyk,97,97,97
bamboo_leaf,98,98,98
bamboo_pith_mushroom,99,99,99
bamboo_salt,100,100,100
bamboo_shoot,101,101,101
banana,102,102,102
banana_blossom,103,103,103
banana_leaf,104,104,104
banana_pepper,105,105,105
barbecue_sauce,106,106,106
barbecue_seasoning,107,107,107
barberry,108,108,108
barley,109,109,109
barley_grass,110,110,110
barramundi,111,111,111
basa,112,112,112
basil,113,113,113
basil_seed,114,114,114
basmati_rice,115,115,115
batang_fish,116,116,116
bay_leaf,117,117,117
bean,118,118,118
bean_sprout,119,119,119
bear_meat,120,120,120
bearnaise_sauce,121,121,121
bechamel,122,122,122
bee_pollen,123,123,123
beef,124,124,124
beer,125,125,125
beet,126,126,126
bel_paese_cheese,127,127,127
bell_pepper,128,128,128
bellflower_root,129,129,129
benedictine,130,130,130
berbere,131,131,131
bergamot,132,132,132
berry,133,133,133
bilimbi,134,134,134
birds_eye_chili,135,135,135
birds_nest,136,136,136
biryani_masala,137,137,137
biscotti,138,138,138
biscuit,139,139,139
bison,140,140,140
bitter_almond,141,141,141
bitter_green,142,142,142
bitter_melon,143,143,143
bitter_orange,144,144,144
bittern,145,145,145
bitters,146,146,146
black_bean,147,147,147
black_bean_paste,148,148,148
black_currant,149,149,149
black_eyed_pea,150,150,150
black_garlic,151,151,151
black_olive,152,152,152
black_pepper,153,153,153
black_rice,154,154,154
black_salt,155,155,155
black_sesame_seed,156,156,156
black_tea,157,157,157
black_treacle,158,158,158
black_truffle,159,159,159
black_vinegar,160,160,160
blackberry,161,161,161
blackening_seasoning,162,162,162
blood_orange,163,163,163
blood_sausage,164,164,164
blood_tofu,165,165,165
bloody_mary_mix,166,166,166
blue_cheese,167,167,167
blue_curacao,168,168,168
blueberry,169,169,169
bluefish,170,170,170
bok_choy,171,171,171
bolillo,172,172,172
bolognese_sauce,173,173,173
bombay_duck_fish,174,174,174
bone,175,175,175
bone_marrow,176,176,176
bonito,177,177,177
bonito_flakes,178,178,178
borage,179,179,179
borlotti_bean,180,180,180
bottarga,181,181,181
bottle_gourd,182,182,182
bouquet_garni,183,183,183
bourbon,184,184,184
boursin_cheese,185,185,185
boysenberry,186,186,186
braising_liquid,187,187,187
bran,188,188,188
brandy,189,189,189
branzino,190,190,190
bratwurst,191,191,191
braunschweiger,192,192,192
brazil_nut,193,193,193
bread,194,194,194
bread_crumbs,195,195,195
breadfruit,196,196,196
bream,197,197,197
bresaola,198,198,198
brewers_yeast,199,199,199
brick_cheese,200,200,200
brick_tea,201,201,201
brie_cheese,202,202,202
brine,203,203,203
brioche,204,204,204
broccoli,205,205,205
broccoli_rabe,206,206,206
broccolini,207,207,207
broth,208,208,208
brown_rice,209,209,209
brown_sauce,210,210,210
brown_sugar,211,211,211
browning_sauce,212,212,212
brussels_sprout,213,213,213
bryndza,214,214,214
buckwheat,215,215,215
budae_jjigae_base,216,216,216
buffalo_meat,217,217,217
buffalo_milk,218,218,218
buffalo_wing_sauce,219,219,219
buldak_sauce,220,220,220
bulgogi,221,221,221
bulgur,222,222,222
burdock_root,223,223,223
burrata,224,224,224
butifarra,225,225,225
butter,226,226,226
buttercream,227,227,227
butterfish,228,228,228
butterfly_pea_flower,229,229,229
buttermilk,230,230,230
butternut_squash,231,231,231
butterscotch,232,232,232
cabbage,233,233,233
cacao,234,234,234
cachaca,235,235,235
caciocavallo,236,236,236
caesar_dressing,237,237,237
cajeta,238,238,238
cajun_seasoning,239,239,239
calabrian_chili,240,240,240
calamansi,241,241,241
calcium_chloride,242,242,242
calendula,243,243,243
calpis,244,244,244
calvados,245,245,245
camellia_oil,246,246,246
camembert_cheese,247,247,247
campari,248,248,248
canadian_bacon,249,249,249
candied_fruit,250,250,250
candlenut,251,251,251
candy,252,252,252
candy_coating,253,253,253
cane_syrup,254,254,254
cane_vinegar,255,255,255
cannellini_bean,256,256,256
cannoli_shell,257,257,257
canola_oil,258,258,258
cantal_cheese,259,259,259
cantaloupe,260,260,260
cape_gooseberry,261,261,261
capelin,262,262,262
caper,263,263,263
caperberry,264,264,264
capicola,265,265,265
capon,266,266,266
caramel,267,267,267
caraway_seed,268,268,268
cardamom,269,269,269
cardoon,270,270,270
carob,271,271,271
carob_molasses,272,272,272
carp,273,273,273
carrageenan,274,274,274
carrot,275,275,275
carrot_top,276,276,276
cartilage,277,277,277
cascabel_chile,278,278,278
cashew,279,279,279
cassava,280,280,280
catfish,281,281,281
catnip,282,282,282
cattail,283,283,283
caul_fat,284,284,284
cauliflower,285,285,285
cava,286,286,286
caviar,287,287,287
cayenne_pepper,288,288,288
celeriac,289,289,289
celery,290,290,290
celery_seed,291,291,291
celtuce,292,292,292
century_egg,293,293,293
cereal,294,294,294
chaat_masala,295,295,295
chai_spice,296,296,296
chamomile,297,297,297
champagne,298,298,298
champagne_vinegar,299,299,299
chana_dal,300,300,300
chanterelle_mushroom,301,301,301
chaozhou_salted_vegetable,302,302,302
char_siu_pork,303,303,303
char_siu_sauce,304,304,304
chartreuse,305,305,305
chayote,306,306,306
cheddar_cheese,307,307,307
cheese,308,308,308
cheongyang_chili,309,309,309
cherry,310,310,310
cherry_blossom,311,311,311
cherry_leaf,312,312,312
cherry_liqueur,313,313,313
cherry_pepper,314,314,314
cherry_plum,315,315,315
chervil,316,316,316
cheshire_cheese,317,317,317
chestnut,318,318,318
chia_seed,319,319,319
chicha,320,320,320
chicken,321,321,321
chicken_broth,322,322,322
chicken_fat,323,323,323
chickpea,324,324,324
chicory,325,325,325
chihuahua_cheese,326,326,326
chikuwa,327,327,327
chile_de_arbol,328,328,328
chili_garlic_sauce,329,329,329
chili_oil,330,330,330
chili_paste,331,331,331
chili_pepper,332,332,332
chili_powder,333,333,333
chili_sauce,334,334,334
chiltepin,335,335,335
chinese_bayberry,336,336,336
chinese_broccoli,337,337,337
chinese_celery,338,338,338
chinese_cured_pork,339,339,339
chinese_preserved_olive,340,340,340
chinese_sausage,341,341,341
chinese_toon,342,342,342
chinese_yam,343,343,343
chipotle_pepper,344,344,344
chirimen_jako,345,345,345
chive,346,346,346
chive_flower,347,347,347
chocolate,348,348,348
chocolate_hazelnut_spread,349,349,349
chocolate_liqueur,350,350,350
chokecherry,351,351,351
choricero_pepper,352,352,352
chorizo,353,353,353
choux_pastry,354,354,354
choy_sum,355,355,355
chrysanthemum,356,356,356
chu_hou_paste,357,357,357
chunjang,358,358,358
chuno,359,359,359
chutney,360,360,360
ciabatta,361,361,361
cicada,362,362,362
cinnamon,363,363,363
cipollini_onion,364,364,364
citric_acid,365,365,365
citron,366,366,366
citrus,367,367,367
clam,368,368,368
clamato_juice,369,369,369
clay_pot_rice_sauce,370,370,370
clear_gel,371,371,371
clementine,372,372,372
clotted_cream,373,373,373
clove,374,374,374
clover,375,375,375
club_soda,376,376,376
cobia,377,377,377
cockle,378,378,378
cocktail_sauce,379,379,379
cocoa_butter,380,380,380
cocoa_mass,381,381,381
cocoa_powder,382,382,382
coconut,383,383,383
coconut_aminos,384,384,384
coconut_cream,385,385,385
coconut_liqueur,386,386,386
coconut_milk,387,387,387
coconut_oil,388,388,388
coconut_sugar,389,389,389
coconut_vinegar,390,390,390
coconut_water,391,391,391
cod,392,392,392
cod_liver,393,393,393
coffee,394,394,394
coffee_creamer,395,395,395
coffee_liqueur,396,396,396
cognac,397,397,397
coix_seed,398,398,398
cola,399,399,399
colby_cheese,400,400,400
cold_jelly_noodle,401,401,401
collard_green,402,402,402
comte_cheese,403,403,403
conch,404,404,404
condensed_milk,405,405,405
consomme,406,406,406
cookie,407,407,407
cookie_butter,408,408,408
cooking_spray,409,409,409
copha,410,410,410
cordyceps_flower,411,411,411
coriander,412,412,412
coriander_root,413,413,413
corn,414,414,414
corn_flakes,415,415,415
corn_husk,416,416,416
corn_oil,417,417,417
corn_relish,418,418,418
corn_silk,419,419,419
corn_syrup,420,420,420
corn_tortilla,421,421,421
cornbread,422,422,422
corned_beef,423,423,423
cornelian_cherry,424,424,424
cornmeal,425,425,425
cornstarch,426,426,426
corvina,427,427,427
cotija_cheese,428,428,428
cottage_cheese,429,429,429
cotton_candy,430,430,430
couscous,431,431,431
crab,432,432,432
crab_apple,433,433,433
crab_boil_seasoning,434,434,434
crab_claw_fish,435,435,435
crab_mushroom,436,436,436
crab_roe,437,437,437
crab_stick,438,438,438
cracker,439,439,439
cranberry,440,440,440
cranberry_liqueur,441,441,441
cranberry_sauce,442,442,442
crappie,443,443,443
crayfish,444,444,444
cream,445,445,445
cream_cheese,446,446,446
cream_liqueur,447,447,447
cream_of_celery_soup,448,448,448
cream_of_chicken_soup,449,449,449
cream_of_mushroom_soup,450,450,450
cream_of_rice,451,451,451
cream_of_tartar,452,452,452
cream_of_wheat,453,453,453
cream_soda,454,454,454
creme_anglaise,455,455,455
creme_de_cacao,456,456,456
creme_de_cassis,457,457,457
creme_de_menthe,458,458,458
creme_de_violette,459,459,459
creme_fraiche,460,460,460
creole_sauce,461,461,461
creole_seasoning,462,462,462
crepe,463,463,463
crescent_roll,464,464,464
crispbread,465,465,465
croissant,466,466,466
crosnes,467,467,467
crouton,468,468,468
crumb_crust,469,469,469
crumpet,470,470,470
cubanelle_pepper,471,471,471
cucumber,472,472,472
cudweed,473,473,473
culantro,474,474,474
cumin,475,475,475
curd,476,476,476
cured_chicken,477,477,477
cured_duck,478,478,478
cured_fish,479,479,479
curing_salt,480,480,480
curry,481,481,481
curry_leaf,482,482,482
curry_paste,483,483,483
curry_powder,484,484,484
custard,485,485,485
custard_powder,486,486,486
cynar,487,487,487
dace,488,488,488
daikon,489,489,489
damson,490,490,490
dandelion,491,491,491
dango,492,492,492
dark_soy_sauce,493,493,493
dashi,494,494,494
date,495,495,495
daylily_flower,496,496,496
deer_mushroom,497,497,497
demi_glace,498,498,498
denbu,499,499,499
dextrose,500,500,500
digestive_biscuit,501,501,501
dijonnaise,502,502,502
dill,503,503,503
doenjang,504,504,504
donburi_sauce,505,505,505
dong_leaf,506,506,506
donkey_meat,507,507,507
dory,508,508,508
doubanjiang,509,509,509
dough,510,510,510
dough_improver,511,511,511
doughnut,512,512,512
dragon_fruit,513,513,513
dragon_whisker_vegetable,514,514,514
drambuie,515,515,515
dried_ganba_mushroom,516,516,516
dried_lily_bud,517,517,517
dried_orchid_flower,518,518,518
dried_oyster,519,519,519
dried_scallop,520,520,520
dried_shrimp,521,521,521
dried_tangerine_peel,522,522,522
dried_tofu,523,523,523
dried_vegetable,524,524,524
dry_pot_sauce,525,525,525
dubonnet,526,526,526
duck,527,527,527
duck_egg,528,528,528
duck_fat,529,529,529
duck_sauce,530,530,530
duck_stock,531,531,531
dukkah,532,532,532
dulce_de_leche,533,533,533
dumpling,534,534,534
dumpling_wrapper,535,535,535
durian,536,536,536
earl_grey_tea,537,537,537
edam_cheese,538,538,538
edamame,539,539,539
edible_flower,540,540,540
edible_gold_leaf,541,541,541
eel,542,542,542
egg,543,543,543
egg_noodle,544,544,544
egg_roll,545,545,545
egg_roll_wrapper,546,546,546
egg_substitute,547,547,547
egg_tofu,548,548,548
egg_white,549,549,549
egg_yolk,550,550,550
eggnog,551,551,551
eggplant,552,552,552
einkorn,553,553,553
elderberry,554,554,554
elderflower,555,555,555
elderflower_liqueur,556,556,556
emmental_cheese,557,557,557
empanada_shell,558,558,558
enchilada_sauce,559,559,559
endive,560,560,560
english_muffin,561,561,561
enoki_mushroom,562,562,562
epazote,563,563,563
epiphyllum_flower,564,564,564
er_cai,565,565,565
erythritol,566,566,566
escarole,567,567,567
espelette_pepper,568,568,568
evaporated_milk,569,569,569
ezine_cheese,570,570,570
fajita_seasoning,571,571,571
falafel,572,572,572
falernum,573,573,573
farina,574,574,574
farmer_cheese,575,575,575
farro,576,576,576
fava_bean,577,577,577
feijoa,578,578,578
fennel,579,579,579
fennel_pollen,580,580,580
fennel_seed,581,581,581
fenugreek_leaf,582,582,582
fenugreek_seed,583,583,583
fermentation_starter_cake,584,584,584
fermented_black_bean,585,585,585
fermented_chive_flower_paste,586,586,586
fermented_fish,587,587,587
fermented_glutinous_rice,588,588,588
fermented_tofu,589,589,589
fermented_vegetable_brine,590,590,590
fern,591,591,591
feta_cheese,592,592,592
fiddlehead_fern,593,593,593
fideo,594,594,594
fig,595,595,595
file_powder,596,596,596
filefish,597,597,597
fines_herbes,598,598,598
fish,599,599,599
fish_ball,600,600,600
fish_cake,601,601,601
fish_floss,602,602,602
fish_maw,603,603,603
fish_mint,604,604,604
fish_noodle,605,605,605
fish_oil,606,606,606
fish_paste,607,607,607
fish_roe,608,608,608
fish_sauce,609,609,609
fish_sausage,610,610,610
fish_skin,611,611,611
fish_stock,612,612,612
fish_tofu,613,613,613
five_grain_powder,614,614,614
five_spice_powder,615,615,615
five_willow_vegetable,616,616,616
flageolet_bean,617,617,617
flatbread,618,618,618
flattened_young_rice,619,619,619
flaxseed,620,620,620
flaxseed_oil,621,621,621
flounder,622,622,622
flour,623,623,623
flour_tortilla,624,624,624
foie_gras,625,625,625
fondant,626,626,626
fontina_cheese,627,627,627
food_coloring,628,628,628
fox_nut,629,629,629
frangipane,630,630,630
freekeh,631,631,631
french_dressing,632,632,632
fresno_pepper,633,633,633
fried_bread,634,634,634
fried_dough_twist,635,635,635
fried_gluten_ball,636,636,636
fried_puffed_cracker,637,637,637
fried_tofu_puff,638,638,638
frisee,639,639,639
frog_leg,640,640,640
fromage_blanc,641,641,641
frosting,642,642,642
frozen_yogurt,643,643,643
fructose,644,644,644
fruit,645,645,645
fruit_cocktail,646,646,646
fruit_juice,647,647,647
fruit_preserves,648,648,648
fruit_puree,649,649,649
fruit_tea,650,650,650
fruit_vinegar,651,651,651
fruitcake,652,652,652
fry_sauce,653,653,653
fudge,654,654,654
furikake,655,655,655
fuzzy_melon,656,656,656
gac_fruit,657,657,657
galangal,658,658,658
galette,659,659,659
galliano,660,660,660
game_meat,661,661,661
game_stock,662,662,662
gammon,663,663,663
ganache,664,664,664
garam_masala,665,665,665
gardenia_flower,666,666,666
gardenia_fruit,667,667,667
garland_chrysanthemum,668,668,668
garlic,669,669,669
garlic_chive,670,670,670
garlic_scape,671,671,671
gelatin,672,672,672
geoduck,673,673,673
geranium,674,674,674
ghee,675,675,675
ghost_pepper,676,676,676
giardiniera,677,677,677
gin,678,678,678
ginger,679,679,679
ginger_ale,680,680,680
ginger_beer,681,681,681
ginger_liqueur,682,682,682
ginger_wine,683,683,683
gingerbread,684,684,684
gingerbread_spice,685,685,685
gingersnap,686,686,686
ginkgo_nut,687,687,687
glass_noodle,688,688,688
gloucester_cheese,689,689,689
glucose_syrup,690,690,690
gluten_free_flour,691,691,691
glutinous_rice,692,692,692
glutinous_rice_flour,693,693,693
glycerin,694,694,694
gnocchi,695,695,695
goat,696,696,696
goat_cheese,697,697,697
goat_milk,698,698,698
gochugaru,699,699,699
gochujang,700,700,700
goda_masala,701,701,701
goji_berry,702,702,702
golden_ear_mushroom,703,703,703
golden_syrup,704,704,704
goldschlager,705,705,705
goose,706,706,706
goose_egg,707,707,707
goose_fat,708,708,708
gooseberry,709,709,709
gorgonzola_cheese,710,710,710
gouda_cheese,711,711,711
gourami,712,712,712
graham_cracker,713,713,713
graham_flour,714,714,714
grains_of_paradise,715,715,715
grana_padano,716,716,716
grand_marnier,717,717,717
grape,718,718,718
grape_leaf,719,719,719
grape_must,720,720,720
grapefruit,721,721,721
grapeseed_oil,722,722,722
grappa,723,723,723
grass_jelly,724,724,724
grasshopper,725,725,725
gravy,726,726,726
greek_seasoning,727,727,727
green_bean,728,728,728
green_chili,729,729,729
green_curry_paste,730,730,730
green_fish,731,731,731
green_olive,732,732,732
green_peppercorn,733,733,733
green_sichuan_peppercorn,734,734,734
green_tea,735,735,735
green_tomato,736,736,736
gremolata,737,737,737
grenadine,738,738,738
grissini,739,739,739
grits,740,740,740
ground_ivy,741,741,741
grouper,742,742,742
grouse,743,743,743
gruyere_cheese,744,744,744
guacamole,745,745,745
guajillo_chile,746,746,746
guar_gum,747,747,747
guascas,748,748,748
guava,749,749,749
guava_paste,750,750,750
guinea_hen,751,751,751
guizhou_sour_soup,752,752,752
gulai_seasoning,753,753,753
gulas,754,754,754
gullac,755,755,755
gum_paste,756,756,756
gypsum,757,757,757
habanero_pepper,758,758,758
haddock,759,759,759
hair_vegetable,760,760,760
hairtail,761,761,761
hake,762,762,762
halibut,763,763,763
halloumi,764,764,764
halva,765,765,765
ham,766,766,766
hanpen,767,767,767
hard_cider,768,768,768
harissa,769,769,769
hatch_chile,770,770,770
havarti_cheese,771,771,771
hawthorn,772,772,772
hazelnut,773,773,773
hazelnut_liqueur,774,774,774
hazelnut_oil,775,775,775
hearts_of_palm,776,776,776
hemp_oil,777,777,777
hemp_seed,778,778,778
herb,779,779,779
herbal_tea,780,780,780
herbes_de_provence,781,781,781
herbsaint,782,782,782
herring,783,783,783
hibiscus,784,784,784
hickory_nut,785,785,785
hijiki,786,786,786
hog_plum,787,787,787
hogao,788,788,788
hoisin_sauce,789,789,789
hokkien_noodle,790,790,790
hollandaise_sauce,791,791,791
hominy,792,792,792
honey,793,793,793
honey_citron_tea,794,794,794
honey_mushroom,795,795,795
honey_mustard,796,796,796
honeycomb,797,797,797
honeydew_melon,798,798,798
honeysuckle_flower,799,799,799
hop,800,800,800
horse_gram,801,801,801
horse_head_fish,802,802,802
horse_mackerel,803,803,803
horse_meat,804,804,804
horseradish,805,805,805
hot_and_sour_sauce,806,806,806
hot_dog,807,807,807
hot_pot_base,808,808,808
hot_sauce,809,809,809
hpnotiq,810,810,810
huacatay,811,811,811
huckleberry,812,812,812
huitlacoche,813,813,813
hummus,814,814,814
hunan_chopped_chili,815,815,815
hyacinth_bean,816,816,816
iberico_ham,817,817,817
ice,818,818,818
ice_cream,819,819,819
ice_cream_cone,820,820,820
ice_jelly,821,821,821
ice_plant,822,822,822
idli,823,823,823
indian_gooseberry,824,824,824
inulin,825,825,825
irish_cream,826,826,826
isomalt,827,827,827
isot_pepper,828,828,828
italian_dressing,829,829,829
italian_sausage,830,830,830
italian_seasoning,831,831,831
jackfruit,832,832,832
jackfruit_seed,833,833,833
jagermeister,834,834,834
jaggery,835,835,835
jalapeno,836,836,836
jam,837,837,837
jarlsberg_cheese,838,838,838
jasmine_flower,839,839,839
jasmine_tea,840,840,840
jellyfish,841,841,841
jerk_seasoning,842,842,842
jerusalem_artichoke,843,843,843
jicama,844,844,844
jinhua_ham,845,845,845
jobs_tears,846,846,846
juniper_berry,847,847,847
junket,848,848,848
kabanos,849,849,849
kadaifi,850,850,850
kaffir_lime,851,851,851
kaffir_lime_leaf,852,852,852
kale,853,853,853
kangaroo,854,854,854
kapok_flower,855,855,855
kashkaval_cheese,856,856,856
kashmiri_chili,857,857,857
kasseri_cheese,858,858,858
kaya,859,859,859
kaymak,860,860,860
kefalotyri,861,861,861
kefir,862,862,862
kelp,863,863,863
kencur,864,864,864
ketchup,865,865,865
khmeli_suneli,866,866,866
khoya,867,867,867
kidney,868,868,868
kidney_bean,869,869,869
kielbasa,870,870,870
kimchi,871,871,871
kinako,872,872,872
king_oyster_mushroom,873,873,873
kirschwasser,874,874,874
kissel,875,875,875
kiwi,876,876,876
kluwek,877,877,877
kohlrabi,878,878,878
koji,879,879,879
kokum,880,880,880
komatsuna,881,881,881
kombu,882,882,882
kombucha,883,883,883
konjac,884,884,884
korean_bbq_sauce,885,885,885
korean_rice_wine,886,886,886
krill,887,887,887
kudzu_root,888,888,888
kumquat,889,889,889
kvass,890,890,890
la_cam_leaf,891,891,891
la_giang_leaf,892,892,892
labneh,893,893,893
lacon,894,894,894
ladyfinger,895,895,895
laksa_paste,896,896,896
lamb,897,897,897
lambs_quarters,898,898,898
langoustine,899,899,899
lard,900,900,900
lavender,901,901,901
lecithin,902,902,902
leek,903,903,903
lemon,904,904,904
lemon_balm,905,905,905
lemon_leaf,906,906,906
lemon_pepper,907,907,907
lemon_verbena,908,908,908
lemongrass,909,909,909
lentil,910,910,910
lettuce,911,911,911
liangpi,912,912,912
licorice_root,913,913,913
light_soy_sauce,914,914,914
lillet,915,915,915
lily_bulb,916,916,916
lima_bean,917,917,917
lime,918,918,918
limewater,919,919,919
limoncello,920,920,920
lingonberry,921,921,921
linguica,922,922,922
lions_mane_mushroom,923,923,923
liqueur,924,924,924
liquid_smoke,925,925,925
liquor,926,926,926
litsea_cubeba,927,927,927
liver,928,928,928
loach,929,929,929
lobster,930,930,930
loganberry,931,931,931
long_pepper,932,932,932
longan,933,933,933
longaniza,934,934,934
loquat,935,935,935
loquat_leaf,936,936,936
lotus_flower,937,937,937
lotus_leaf,938,938,938
lotus_root,939,939,939
lotus_seed,940,940,940
lovage,941,941,941
lucuma,942,942,942
luffa,943,943,943
luncheon_meat,944,944,944
lychee,945,945,945
lye_water,946,946,946
mac_khen,947,947,947
mac_mat_fruit,948,948,948
maca,949,949,949
macadamia_nut,950,950,950
mace,951,951,951
mache,952,952,952
mackerel,953,953,953
madeira_wine,954,954,954
maggi_seasoning,955,955,955
mahi_mahi,956,956,956
mahleb,957,957,957
maitake_mushroom,958,958,958
mala_sauce,959,959,959
malabar_spinach,960,960,960
malanga,961,961,961
mallow,962,962,962
malt,963,963,963
malt_vinegar,964,964,964
maltose,965,965,965
manchego_cheese,966,966,966
mandarin_fish,967,967,967
mango,968,968,968
mangosteen,969,969,969
mantis_shrimp,970,970,970
maple_syrup,971,971,971
mapo_tofu_sauce,972,972,972
maraschino_cherry,973,973,973
maraschino_liqueur,974,974,974
margarine,975,975,975
marinara_sauce,976,976,976
marjoram,977,977,977
marlin,978,978,978
marmite,979,979,979
marsala_wine,980,980,980
marshmallow,981,981,981
marzipan,982,982,982
masa_harina,983,983,983
mascarpone_cheese,984,984,984
masoor_dal,985,985,985
mastic,986,986,986
matambre,987,987,987
matcha_powder,988,988,988
matsoni,989,989,989
matsutake_mushroom,990,990,990
matzo,991,991,991
mayonnaise,992,992,992
mead,993,993,993
meat,994,994,994
meat_extract,995,995,995
meat_floss,996,996,996
meat_stock,997,997,997
meat_tenderizer,998,998,998
mei_kuei_lu_wine,999,999,999
melinjo,1000,1000,1000
melon,1001,1001,1001
melon_liqueur,1002,1002,1002
melon_seed,1003,1003,1003
mentaiko,1004,1004,1004
mentsuyu,1005,1005,1005
merguez,1006,1006,1006
meringue,1007,1007,1007
mesquite,1008,1008,1008
metaxa,1009,1009,1009
mettwurst,1010,1010,1010
mezcal,1011,1011,1011
microgreen,1012,1012,1012
miiuy_croaker,1013,1013,1013
milk,1014,1014,1014
milk_bread,1015,1015,1015
milk_chocolate,1016,1016,1016
milk_tea,1017,1017,1017
milk_tofu,1018,1018,1018
milkfish,1019,1019,1019
millet,1020,1020,1020
milo,1021,1021,1021
milt,1022,1022,1022
mincemeat,1023,1023,1023
mint,1024,1024,1024
mirasol_chile,1025,1025,1025
mirepoix,1026,1026,1026
mirin,1027,1027,1027
miso,1028,1028,1028
mitsuba,1029,1029,1029
mixed_grains,1030,1030,1030
mixed_herbs,1031,1031,1031
mixed_seeds,1032,1032,1032
mixed_sprouts,1033,1033,1033
mixed_vegetable,1034,1034,1034
mizuame,1035,1035,1035
mizuna,1036,1036,1036
mocha,1037,1037,1037
mochi,1038,1038,1038
mojo,1039,1039,1039
molasses,1040,1040,1040
mole,1041,1041,1041
monk_fruit,1042,1042,1042
monkfish,1043,1043,1043
montasio_cheese,1044,1044,1044
monterey_jack_cheese,1045,1045,1045
montreal_steak_seasoning,1046,1046,1046
mopping_sauce,1047,1047,1047
morel_mushroom,1048,1048,1048
moringa,1049,1049,1049
mortadella,1050,1050,1050
moscatel_wine,1051,1051,1051
mountain_pepper,1052,1052,1052
mozzarella_cheese,1053,1053,1053
msg,1054,1054,1054
mudfish,1055,1055,1055
mudskipper,1056,1056,1056
muenster_cheese,1057,1057,1057
muffin,1058,1058,1058
mugwort,1059,1059,1059
mulato_chile,1060,1060,1060
mulberry,1061,1061,1061
mulberry_leaf,1062,1062,1062
mullet,1063,1063,1063
mulling_spice,1064,1064,1064
mung_bean,1065,1065,1065
mung_bean_jelly,1066,1066,1066
mung_bean_paste,1067,1067,1067
mung_bean_starch,1068,1068,1068
muscovado_sugar,1069,1069,1069
mushroom,1070,1070,1070
mushroom_soy_sauce,1071,1071,1071
mushroom_stock,1072,1072,1072
mussel,1073,1073,1073
mustard,1074,1074,1074
mustard_green,1075,1075,1075
mustard_oil,1076,1076,1076
mustard_root,1077,1077,1077
mustard_seed,1078,1078,1078
mutton,1079,1079,1079
myoga,1080,1080,1080
myzithra_cheese,1081,1081,1081
naan,1082,1082,1082
nameko_mushroom,1083,1083,1083
nanohana,1084,1084,1084
napa_cabbage,1085,1085,1085
narsharab,1086,1086,1086
nasturtium,1087,1087,1087
natto,1088,1088,1088
navy_bean,1089,1089,1089
nduja,1090,1090,1090
nectar,1091,1091,1091
nectarine,1092,1092,1092
needlefish,1093,1093,1093
nerikiri,1094,1094,1094
nettle,1095,1095,1095
neufchatel_cheese,1096,1096,1096
new_mexico_chile,1097,1097,1097
nigari,1098,1098,1098
nigella_seed,1099,1099,1099
noodle,1100,1100,1100
nopal,1101,1101,1101
nora_chile,1102,1102,1102
nori,1103,1103,1103
nougat,1104,1104,1104
nut,1105,1105,1105
nut_butter,1106,1106,1106
nut_oil,1107,1107,1107
nutmeg,1108,1108,1108
nutritional_yeast,1109,1109,1109
oat,1110,1110,1110
oat_milk,1111,1111,1111
oaxaca_cheese,1112,1112,1112
octopus,1113,1113,1113
offal,1114,1114,1114
oil,1115,1115,1115
okara_powder,1116,1116,1116
okonomiyaki_sauce,1117,1117,1117
okra,1118,1118,1118
olive,1119,1119,1119
olive_oil,1120,1120,1120
olluco,1121,1121,1121
onion,1122,1122,1122
oolong_tea,1123,1123,1123
orange,1124,1124,1124
orange_blossom_water,1125,1125,1125
orange_liqueur,1126,1126,1126
orange_roughy,1127,1127,1127
oregano,1128,1128,1128
orgeat,1129,1129,1129
orris_root,1130,1130,1130
osmanthus_flower,1131,1131,1131
osmanthus_wine,1132,1132,1132
ouzo,1133,1133,1133
oyster,1134,1134,1134
oyster_mushroom,1135,1135,1135
oyster_sauce,1136,1136,1136
pacific_saury,1137,1137,1137
padron_pepper,1138,1138,1138
paederia_foetida,1139,1139,1139
pagoda_tree_flower,1140,1140,1140
palm_oil,1141,1141,1141
palm_seed,1142,1142,1142
palm_sugar,1143,1143,1143
pan_drippings,1144,1144,1144
panang_curry_paste,1145,1145,1145
pancake,1146,1146,1146
pancetta,1147,1147,1147
panch_phoran,1148,1148,1148
pandan_leaf,1149,1149,1149
paneer,1150,1150,1150
panela_cheese,1151,1151,1151
panettone,1152,1152,1152
pangasius,1153,1153,1153
papad,1154,1154,1154
papaya,1155,1155,1155
papaya_leaf,1156,1156,1156
paprika,1157,1157,1157
paratha,1158,1158,1158
parmesan_cheese,1159,1159,1159
parsley,1160,1160,1160
parsley_root,1161,1161,1161
parsnip,1162,1162,1162
partridge,1163,1163,1163
pasilla_chile,1164,1164,1164
passion_fruit,1165,1165,1165
pasta,1166,1166,1166
pasta_sauce,1167,1167,1167
pastila,1168,1168,1168
pastis,1169,1169,1169
pastrami,1170,1170,1170
pastry,1171,1171,1171
pate,1172,1172,1172
pea,1173,1173,1173
pea_shoot,1174,1174,1174
peach,1175,1175,1175
peach_gum,1176,1176,1176
peanut,1177,1177,1177
peanut_butter,1178,1178,1178
peanut_oil,1179,1179,1179
peanut_sauce,1180,1180,1180
pear,1181,1181,1181
pearl_mushroom,1182,1182,1182
pecan,1183,1183,1183
pecorino_cheese,1184,1184,1184
pectin,1185,1185,1185
pennywort,1186,1186,1186
peperomia_pellucida,1187,1187,1187
pepino_melon,1188,1188,1188
peppadew_pepper,1189,1189,1189
pepper_jelly,1190,1190,1190
peppercorn_sauce,1191,1191,1191
peppermint,1192,1192,1192
pepperoncini,1193,1193,1193
pepperoni,1194,1194,1194
perch,1195,1195,1195
perilla,1196,1196,1196
perilla_oil,1197,1197,1197
periwinkle,1198,1198,1198
persimmon,1199,1199,1199
pesto,1200,1200,1200
petai_bean,1201,1201,1201
petis,1202,1202,1202
pheasant,1203,1203,1203
phyllo_dough,1204,1204,1204
picada,1205,1205,1205
pickapeppa_sauce,1206,1206,1206
pickle_juice,1207,1207,1207
pickle_relish,1208,1208,1208
pickled_cucumber,1209,1209,1209
pickled_ginger,1210,1210,1210
pickled_mustard_green,1211,1211,1211
pickled_onion,1212,1212,1212
pickled_radish,1213,1213,1213
pickled_sakura_blossom,1214,1214,1214
pickled_vegetable,1215,1215,1215
pickling_spice,1216,1216,1216
pie_crust,1217,1217,1217
pie_filling,1218,1218,1218
pigeon,1219,1219,1219
pigeon_egg,1220,1220,1220
pigeon_pea,1221,1221,1221
pike,1222,1222,1222
piloncillo,1223,1223,1223
pimento,1224,1224,1224
pina_colada_mix,1225,1225,1225
pine_nut,1226,1226,1226
pine_pollen,1227,1227,1227
pineapple,1228,1228,1228
pink_pepper,1229,1229,1229
pink_sauce,1230,1230,1230
pinto_bean,1231,1231,1231
pionono,1232,1232,1232
piquante_sauce,1233,1233,1233
piquillo_pepper,1234,1234,1234
piri_piri,1235,1235,1235
pisco,1236,1236,1236
pistachio,1237,1237,1237
pistachio_oil,1238,1238,1238
pita_bread,1239,1239,1239
pizza_crust,1240,1240,1240
pizza_sauce,1241,1241,1241
plant_based_cheese,1242,1242,1242
plant_based_cream,1243,1243,1243
plant_based_ham,1244,1244,1244
plant_based_milk,1245,1245,1245
plantain,1246,1246,1246
plum,1247,1247,1247
plum_sauce,1248,1248,1248
plum_wine,1249,1249,1249
pluot,1250,1250,1250
poblano_pepper,1251,1251,1251
pokeweed,1252,1252,1252
polenta,1253,1253,1253
pollock,1254,1254,1254
pomegranate,1255,1255,1255
pomegranate_molasses,1256,1256,1256
pomelo,1257,1257,1257
pomfret,1258,1258,1258
pompano,1259,1259,1259
ponzu,1260,1260,1260
poolish,1261,1261,1261
poppy_seed,1262,1262,1262
porcini_mushroom,1263,1263,1263
pork,1264,1264,1264
pork_stock,1265,1265,1265
port_wine,1266,1266,1266
portobello_mushroom,1267,1267,1267
potato,1268,1268,1268
poultry_seasoning,1269,1269,1269
praline,1270,1270,1270
preserved_cabbage,1271,1271,1271
preserved_lemon,1272,1272,1272
preserved_plum,1273,1273,1273
pretzel,1274,1274,1274
prickly_pear,1275,1275,1275
prosciutto,1276,1276,1276
prosecco,1277,1277,1277
provolone_cheese,1278,1278,1278
prune,1279,1279,1279
psyllium_husk,1280,1280,1280
pu_erh_tea,1281,1281,1281
pudding,1282,1282,1282
puff_pastry,1283,1283,1283
puffer_fish,1284,1284,1284
pumpkin,1285,1285,1285
pumpkin_leaf,1286,1286,1286
pumpkin_pie_spice,1287,1287,1287
pumpkin_seed,1288,1288,1288
pumpkin_seed_oil,1289,1289,1289
punch,1290,1290,1290
purple_gynura,1291,1291,1291
purple_sweet_potato,1292,1292,1292
purple_yam,1293,1293,1293
purslane,1294,1294,1294
puzi_leaf,1295,1295,1295
qingbu_liang,1296,1296,1296
qingjiang_fish,1297,1297,1297
qingtou_mushroom,1298,1298,1298
quail,1299,1299,1299
quail_egg,1300,1300,1300
quark,1301,1301,1301
queso_anejo,1302,1302,1302
queso_blanco,1303,1303,1303
queso_fresco,1304,1304,1304
quince,1305,1305,1305
quince_paste,1306,1306,1306
quinoa,1307,1307,1307
quorn,1308,1308,1308
rabbit,1309,1309,1309
raclette_cheese,1310,1310,1310
radicchio,1311,1311,1311
radish,1312,1312,1312
radish_cake,1313,1313,1313
ragi,1314,1314,1314
raisin,1315,1315,1315
raita,1316,1316,1316
rakkyo,1317,1317,1317
rambutan,1318,1318,1318
ramen_noodle,1319,1319,1319
ramp,1320,1320,1320
ranch_dressing,1321,1321,1321
rapeseed,1322,1322,1322
ras_el_hanout,1323,1323,1323
raspberry,1324,1324,1324
ravioli,1325,1325,1325
ray,1326,1326,1326
razor_clam,1327,1327,1327
red_bean,1328,1328,1328
red_bean_paste,1329,1329,1329
red_currant,1330,1330,1330
red_curry_paste,1331,1331,1331
red_date,1332,1332,1332
red_drum,1333,1333,1333
red_hots,1334,1334,1334
red_leicester_cheese,1335,1335,1335
red_onion,1336,1336,1336
red_pepper,1337,1337,1337
red_rice,1338,1338,1338
red_snapper,1339,1339,1339
red_wine,1340,1340,1340
red_wine_vinegar,1341,1341,1341
red_yeast,1342,1342,1342
reed_leaf,1343,1343,1343
refried_beans,1344,1344,1344
remoulade_sauce,1345,1345,1345
rhubarb,1346,1346,1346
rice,1347,1347,1347
rice_bran_oil,1348,1348,1348
rice_cake,1349,1349,1349
rice_milk,1350,1350,1350
rice_noodle,1351,1351,1351
rice_paddy_herb,1352,1352,1352
rice_paper,1353,1353,1353
rice_tofu,1354,1354,1354
rice_vinegar,1355,1355,1355
rice_wine,1356,1356,1356
ricotta_cheese,1357,1357,1357
ricotta_salata,1358,1358,1358
robiola_cheese,1359,1359,1359
rock_sugar,1360,1360,1360
rock_tripe,1361,1361,1361
rockfish,1362,1362,1362
rocoto_pepper,1363,1363,1363
romanesco,1364,1364,1364
romano_cheese,1365,1365,1365
romesco_sauce,1366,1366,1366
rompope,1367,1367,1367
rooibos_tea,1368,1368,1368
root_beer,1369,1369,1369
roquefort_cheese,1370,1370,1370
rose_syrup,1371,1371,1371
rose_wine,1372,1372,1372
rosehip,1373,1373,1373
rosemary,1374,1374,1374
rosewater,1375,1375,1375
roti,1376,1376,1376
rouille,1377,1377,1377
roux,1378,1378,1378
rowan_berry,1379,1379,1379
royal_icing,1380,1380,1380
rum,1381,1381,1381
rusk,1382,1382,1382
rutabaga,1383,1383,1383
ryazhenka,1384,1384,1384
rye,1385,1385,1385
rye_bread,1386,1386,1386
sachima,1387,1387,1387
safflower,1388,1388,1388
safflower_oil,1389,1389,1389
saffron,1390,1390,1390
sage,1391,1391,1391
sago,1392,1392,1392
sake,1393,1393,1393
salad_cream,1394,1394,1394
salad_dressing,1395,1395,1395
salad_greens,1396,1396,1396
salam_leaf,1397,1397,1397
salami,1398,1398,1398
salep,1399,1399,1399
salmon,1400,1400,1400
salmon_roe,1401,1401,1401
salsa,1402,1402,1402
salsa_verde,1403,1403,1403
salsify,1404,1404,1404
salt,1405,1405,1405
salt_cod,1406,1406,1406
salt_pork,1407,1407,1407
salted_duck_egg,1408,1408,1408
sambal,1409,1409,1409
sambal_oelek,1410,1410,1410
sambar_powder,1411,1411,1411
sambuca,1412,1412,1412
sand_ginger,1413,1413,1413
sand_worm,1414,1414,1414
sangria,1415,1415,1415
sansho_pepper,1416,1416,1416
sanzi,1417,1417,1417
sardine,1418,1418,1418
saskatoon_berry,1419,1419,1419
sau_fruit,1420,1420,1420
sauerkraut,1421,1421,1421
sausage,1422,1422,1422
sauternes,1423,1423,1423
savory,1424,1424,1424
sazon,1425,1425,1425
scad,1426,1426,1426
scallion,1427,1427,1427
scallion_oil,1428,1428,1428
scallop,1429,1429,1429
scamorza,1430,1430,1430
schisandra_berry,1431,1431,1431
schnapps,1432,1432,1432
scotch_bonnet_pepper,1433,1433,1433
sea_bass,1434,1434,1434
sea_bream,1435,1435,1435
sea_buckthorn,1436,1436,1436
sea_coconut,1437,1437,1437
sea_cucumber,1438,1438,1438
sea_grape,1439,1439,1439
sea_hare,1440,1440,1440
sea_lettuce,1441,1441,1441
sea_moss,1442,1442,1442
sea_snail,1443,1443,1443
sea_urchin,1444,1444,1444
seafood,1445,1445,1445
seafood_sauce,1446,1446,1446
seafood_seasoning,1447,1447,1447
seafood_stock,1448,1448,1448
seasoning_sauce,1449,1449,1449
seaweed,1450,1450,1450
semolina,1451,1451,1451
senbei,1452,1452,1452
serrano_ham,1453,1453,1453
serrano_pepper,1454,1454,1454
sesame_oil,1455,1455,1455
sesame_paste,1456,1456,1456
sesame_seed,1457,1457,1457
sev,1458,1458,1458
shacha_sauce,1459,1459,1459
shallot,1460,1460,1460
shaobing,1461,1461,1461
shaoxing_wine,1462,1462,1462
shark,1463,1463,1463
shark_fin,1464,1464,1464
shellfish,1465,1465,1465
shepherds_purse,1466,1466,1466
sherbet,1467,1467,1467
sherry,1468,1468,1468
sherry_vinegar,1469,1469,1469
shichimi_togarashi,1470,1470,1470
shiitake_mushroom,1471,1471,1471
shio_koji,1472,1472,1472
shirasu,1473,1473,1473
shirataki_noodle,1474,1474,1474
shochu,1475,1475,1475
shortcake,1476,1476,1476
shortening,1477,1477,1477
shrimp,1478,1478,1478
shrimp_mushroom,1479,1479,1479
shrimp_paste,1480,1480,1480
sichuan_peppercorn,1481,1481,1481
silkworm_pupa,1482,1482,1482
simit,1483,1483,1483
skate,1484,1484,1484
smelt,1485,1485,1485
smoked_cheese,1486,1486,1486
smoked_meat,1487,1487,1487
smoked_paprika,1488,1488,1488
smoked_salmon,1489,1489,1489
smoked_salt,1490,1490,1490
snail,1491,1491,1491
snail_rice_noodle,1492,1492,1492
snake,1493,1493,1493
snake_gourd,1494,1494,1494
snakehead_fish,1495,1495,1495
snow_fungus,1496,1496,1496
snow_pea,1497,1497,1497
snow_vegetable,1498,1498,1498
sobrasada,1499,1499,1499
sofrito,1500,1500,1500
soju,1501,1501,1501
sole,1502,1502,1502
somen_noodle,1503,1503,1503
soppressata,1504,1504,1504
sorghum,1505,1505,1505
sorghum_syrup,1506,1506,1506
sorrel,1507,1507,1507
sour_bamboo_shoot,1508,1508,1508
sour_broth,1509,1509,1509
sour_cream,1510,1510,1510
sour_mix,1511,1511,1511
soursop,1512,1512,1512
southern_comfort,1513,1513,1513
soy_milk,1514,1514,1514
soy_protein_isolate,1515,1515,1515
soy_sauce,1516,1516,1516
soy_yogurt,1517,1517,1517
soybean,1518,1518,1518
soybean_oil,1519,1519,1519
soybean_paste,1520,1520,1520
soybean_sprout,1521,1521,1521
spaetzle,1522,1522,1522
sparkling_water,1523,1523,1523
sparkling_wine,1524,1524,1524
speck,1525,1525,1525
speculoos_cookie,1526,1526,1526
spelt,1527,1527,1527
spice_mix,1528,1528,1528
spinach,1529,1529,1529
spirulina,1530,1530,1530
sponge_cake,1531,1531,1531
sprat,1532,1532,1532
spring_roll,1533,1533,1533
spring_roll_wrapper,1534,1534,1534
sprinkles,1535,1535,1535
squash,1536,1536,1536
squash_blossom,1537,1537,1537
squid,1538,1538,1538
squid_ink,1539,1539,1539
squirrel,1540,1540,1540
sriracha,1541,1541,1541
ssamjang,1542,1542,1542
star_anise,1543,1543,1543
starch,1544,1544,1544
starfruit,1545,1545,1545
steak_sauce,1546,1546,1546
steamed_bun,1547,1547,1547
stevia,1548,1548,1548
stilton_cheese,1549,1549,1549
stinky_mandarin_fish,1550,1550,1550
stinky_tofu,1551,1551,1551
stir_fry_sauce,1552,1552,1552
stout,1553,1553,1553
stracchino_cheese,1554,1554,1554
straw_mushroom,1555,1555,1555
strawberry,1556,1556,1556
strega_liqueur,1557,1557,1557
sturgeon,1558,1558,1558
sucuk,1559,1559,1559
suet,1560,1560,1560
sugar,1561,1561,1561
sugar_snap_pea,1562,1562,1562
sugarcane,1563,1563,1563
sukiyaki_sauce,1564,1564,1564
sulguni_cheese,1565,1565,1565
sumac,1566,1566,1566
summer_sausage,1567,1567,1567
sun_dried_tomato,1568,1568,1568
sunfish,1569,1569,1569
sunflower_oil,1570,1570,1570
sunflower_seed,1571,1571,1571
superior_stock,1572,1572,1572
sushi_vinegar,1573,1573,1573
sushki,1574,1574,1574
sweet_and_sour_sauce,1575,1575,1575
sweet_bean_sauce,1576,1576,1576
sweet_chili_sauce,1577,1577,1577
sweet_potato,1578,1578,1578
sweet_potato_leaf,1579,1579,1579
sweet_potato_starch,1580,1580,1580
sweet_preserved_mustard_green,1581,1581,1581
sweet_roll,1582,1582,1582
sweet_soy_sauce,1583,1583,1583
sweet_vermouth,1584,1584,1584
sweetbread,1585,1585,1585
swiss_chard,1586,1586,1586
swiss_cheese,1587,1587,1587
swiss_roll,1588,1588,1588
sword_bean,1589,1589,1589
swordfish,1590,1590,1590
syrup,1591,1591,1591
ta_cai,1592,1592,1592
tabasco_pepper,1593,1593,1593
taco_sauce,1594,1594,1594
taco_seasoning,1595,1595,1595
taco_shell,1596,1596,1596
tahini,1597,1597,1597
tajin,1598,1598,1598
taleggio_cheese,1599,1599,1599
tallow,1600,1600,1600
tamale,1601,1601,1601
tamari,1602,1602,1602
tamarillo,1603,1603,1603
tamarind,1604,1604,1604
tandoori_masala,1605,1605,1605
tangelo,1606,1606,1606
tangerine,1607,1607,1607
tapenade,1608,1608,1608
tapioca,1609,1609,1609
tapioca_pearl,1610,1610,1610
tarako,1611,1611,1611
tarhana,1612,1612,1612
taro,1613,1613,1613
taro_stem,1614,1614,1614
tarragon,1615,1615,1615
tartar_sauce,1616,1616,1616
tasso,1617,1617,1617
tatsoi,1618,1618,1618
tauco,1619,1619,1619
tea,1620,1620,1620
tea_tree_mushroom,1621,1621,1621
teff,1622,1622,1622
tempeh,1623,1623,1623
tempura_flour,1624,1624,1624
tenkasu,1625,1625,1625
tequila,1626,1626,1626
teriyaki_sauce,1627,1627,1627
termite_mushroom,1628,1628,1628
textured_soy_protein,1629,1629,1629
thai_basil,1630,1630,1630
thai_tea,1631,1631,1631
thousand_island_dressing,1632,1632,1632
thyme,1633,1633,1633
tiger_milk_mushroom,1634,1634,1634
tikka_masala,1635,1635,1635
tilapia,1636,1636,1636
tkemali_sauce,1637,1637,1637
toffee,1638,1638,1638
tofu,1639,1639,1639
tofu_pudding,1640,1640,1640
tofu_skin,1641,1641,1641
tom_yum_paste,1642,1642,1642
tomatillo,1643,1643,1643
tomato,1644,1644,1644
tonguefish,1645,1645,1645
tonic_water,1646,1646,1646
tonka_bean,1647,1647,1647
tonkatsu_sauce,1648,1648,1648
toor_dal,1649,1649,1649
topmouth_culter,1650,1650,1650
tortellini,1651,1651,1651
tortilla,1652,1652,1652
trehalose,1653,1653,1653
triple_sec,1654,1654,1654
trout,1655,1655,1655
truffle_oil,1656,1656,1656
tsao_ko,1657,1657,1657
tteokbokki_sauce,1658,1658,1658
tulum_cheese,1659,1659,1659
tuna,1660,1660,1660
turbot,1661,1661,1661
turkey,1662,1662,1662
turkey_sausage,1663,1663,1663
turkey_stock,1664,1664,1664
turkish_delight,1665,1665,1665
turmeric,1666,1666,1666
turmeric_leaf,1667,1667,1667
turnip,1668,1668,1668
turnip_green,1669,1669,1669
turtle,1670,1670,1670
tzatziki,1671,1671,1671
udon_noodle,1672,1672,1672
umami_sauce,1673,1673,1673
ume,1674,1674,1674
umeboshi,1675,1675,1675
umeboshi_vinegar,1676,1676,1676
unagi_kabayaki,1677,1677,1677
unagi_sauce,1678,1678,1678
urad_dal,1679,1679,1679
utskho_suneli,1680,1680,1680
vadouvan,1681,1681,1681
vanilla,1682,1682,1682
veal,1683,1683,1683
vegemite,1684,1684,1684
vegeta_seasoning,1685,1685,1685
vegetable_extract,1686,1686,1686
vegetable_juice,1687,1687,1687
vegetable_oil,1688,1688,1688
vegetable_puree,1689,1689,1689
vegetable_stock,1690,1690,1690
vegetarian_oyster_sauce,1691,1691,1691
velveeta_cheese,1692,1692,1692
venison,1693,1693,1693
verjuice,1694,1694,1694
vermicelli,1695,1695,1695
vermouth,1696,1696,1696
viburnum,1697,1697,1697
vienna_sausage,1698,1698,1698
vietnamese_balm,1699,1699,1699
vietnamese_coriander,1700,1700,1700
vietnamese_pork_roll,1701,1701,1701
vin_santo,1702,1702,1702
vinaigrette,1703,1703,1703
vinegar,1704,1704,1704
violet,1705,1705,1705
vodka,1706,1706,1706
wafer,1707,1707,1707
waffle,1708,1708,1708
wakame,1709,1709,1709
walleye,1710,1710,1710
walnut,1711,1711,1711
walnut_oil,1712,1712,1712
wampee,1713,1713,1713
wasabi,1714,1714,1714
water,1715,1715,1715
water_bamboo,1716,1716,1716
water_celery,1717,1717,1717
water_chestnut,1718,1718,1718
water_lily_flower,1719,1719,1719
water_mimosa,1720,1720,1720
water_shield,1721,1721,1721
water_spinach,1722,1722,1722
watercress,1723,1723,1723
watermelon,1724,1724,1724
watermelon_radish,1725,1725,1725
wax_apple,1726,1726,1726
weipa,1727,1727,1727
wheat,1728,1728,1728
wheat_germ,1729,1729,1729
wheat_gluten,1730,1730,1730
whelk,1731,1731,1731
whey,1732,1732,1732
whipped_topping,1733,1733,1733
whiskey,1734,1734,1734
white_bean,1735,1735,1735
white_chocolate,1736,1736,1736
white_pepper,1737,1737,1737
white_soy_sauce,1738,1738,1738
white_tea,1739,1739,1739
white_truffle,1740,1740,1740
white_vinegar,1741,1741,1741
white_wine,1742,1742,1742
white_wine_vinegar,1743,1743,1743
whitebait,1744,1744,1744
whitefish,1745,1745,1745
whiting,1746,1746,1746
whole_wheat_flour,1747,1747,1747
wild_betel_leaf,1748,1748,1748
wild_boar,1749,1749,1749
wild_garlic,1750,1750,1750
wild_ginger,1751,1751,1751
wild_rice,1752,1752,1752
wine,1753,1753,1753
wine_lees,1754,1754,1754
winged_bean,1755,1755,1755
winter_melon,1756,1756,1756
wintergreen,1757,1757,1757
wisteria_flower,1758,1758,1758
wolfberry_leaf,1759,1759,1759
wolffish,1760,1760,1760
wonton,1761,1761,1761
wood_ear_mushroom,1762,1762,1762
worcestershire_sauce,1763,1763,1763
wuchang_fish,1764,1764,1764
xanthan_gum,1765,1765,1765
xo_sauce,1766,1766,1766
xylitol,1767,1767,1767
yacon,1768,1768,1768
yak_meat,1769,1769,1769
yakiniku_sauce,1770,1770,1770
yakisoba_sauce,1771,1771,1771
yam,1772,1772,1772
yard_long_bean,1773,1773,1773
yeast,1774,1774,1774
yellow_croaker,1775,1775,1775
yellow_curry_paste,1776,1776,1776
yibin_yacai,1777,1777,1777
yogurt,1778,1778,1778
youtiao,1779,1779,1779
yu_choy,1780,1780,1780
yufka,1781,1781,1781
yuzu,1782,1782,1782
yuzu_kosho,1783,1783,1783
zaatar,1784,1784,1784
zao_lu,1785,1785,1785
zha_cai,1786,1786,1786
zhajiang_sauce,1787,1787,1787
zucchini,1788,1788,1788
zucchini_flower,1789,1789,1789
